{"cameraMode":{"drawMode":0,"name":"Shaded","section":"Shading Mode"},"sceneLighting":true,"audioPlay":false,"sceneViewState":{"m_AlwaysRefresh":false,"showFog":true,"showSkybox":true,"showFlares":true,"showImageEffects":true,"showParticleSystems":true,"showVisualEffectGraphs":true,"m_FxEnabled":true},"in2DMode":false,"pivot":{"x":4.205770492553711,"y":-0.6115413904190064,"z":10.467341423034668},"rotation":{"x":-0.03599043935537338,"y":-0.010197346098721028,"z":-0.0003674063191283494,"w":0.9993008375167847},"size":4.396152496337891,"orthographic":false}